cr_temp,fyear_CS,sddv_CS,SD_70,SD_70_north,SD_70_south,slop_CS,SL_70,SL_70_north,SL_70_south,ave_slop_CS,HCS_length,HCS_area
1642,1976.439331,4.432569,4.432569,3.818581,5.047269,26.940952,26.940952,14.503848,10.74114,0.277742,91.690765,382.10788
1643,1976.513672,4.316492,4.316492,4.046187,4.617753,20.119915,20.119915,11.341628,7.920633,0.223555,72.286812,318.171631
1644,1976.588013,7.398017,7.398017,8.212896,4.084693,22.928347,22.928347,15.639559,6.637887,0.246541,82.871422,360.902832
1645,1976.662354,4.060399,4.060399,3.235534,4.961203,21.92754,21.92754,10.686832,9.583878,0.240962,78.850441,341.176422
1646,1976.736816,4.522666,4.522666,4.177734,5.022253,24.674475,24.674475,12.996892,9.83916,0.265317,85.188026,353.769745
1647,1976.811401,4.935369,4.935369,4.134471,5.695797,30.268057,30.268057,13.420748,14.744058,0.302681,98.389999,379.223145
1648,1976.885864,4.084423,4.084423,3.84479,4.355181,24.41054,24.41054,11.267983,11.560019,0.256953,84.599533,361.147491
1649,1976.960571,5.325225,5.325225,5.982526,4.549979,30.787935,30.787935,15.09342,13.774869,0.310989,97.501328,405.457306
1650,1977.035156,5.39284,5.39284,4.57744,5.955022,26.913641,26.913641,13.339988,11.953643,0.283301,93.848541,408.254913
1651,1977.110107,5.134246,5.134246,4.912991,5.301979,35.899826,35.899826,15.270782,18.611721,0.355444,115.515678,477.424133
1652,1977.185059,4.76565,4.76565,4.97247,4.552099,26.424805,26.424805,11.538949,13.352539,0.278156,88.666092,368.107056
1653,1977.259888,7.220751,7.220751,5.381158,8.355358,45.568157,45.568157,15.127864,27.757961,0.446747,113.371338,405.232727
1654,1977.334595,9.644912,9.644912,8.46392,10.473014,51.13607,51.13607,20.023218,28.765434,0.482416,131.730072,482.776703
1655,1977.40918,11.303822,11.303822,10.137529,12.344933,64.352173,64.352173,27.465433,34.162724,0.574573,158.174438,543.633179
1656,1977.483765,11.223752,11.223752,9.181684,12.920231,43.868881,43.868881,21.370892,19.70108,0.421816,134.502319,533.635254
1657,1977.558228,7.984216,7.984216,6.029837,8.876376,56.507904,56.507904,18.516037,35.864136,0.50007,153.514175,532.143066
1658,1977.632813,6.32383,6.32383,4.194664,6.967496,39.379673,39.379673,9.080359,27.869514,0.378651,120.2453,487.448517
1659,1977.707397,7.526429,7.526429,6.068084,8.206885,33.322243,33.322243,10.765006,21.308979,0.340023,102.531975,393.332672
1660,1977.782104,7.550559,7.550559,3.958023,10.123268,47.992271,47.992271,19.902094,24.821301,0.457069,130.237595,471.50116
1661,1977.856934,8.85938,8.85938,8.434758,8.786878,77.486664,77.486664,45.922859,25.110941,0.698078,153.239227,503.816589
1662,1977.931763,12.858051,12.858051,9.451555,13.225279,128.411942,128.411942,84.966652,37.084167,1.146535,162.785217,470.067108
1663,1978.006592,11.542613,11.542613,12.909144,9.052328,87.63459,87.63459,63.607033,20.314514,0.782452,154.750702,470.590302
1664,1978.081543,18.056166,18.056166,17.351484,18.239721,276.495758,276.495758,138.033386,130.600113,1.960963,278.867889,675.080261
1665,1978.156372,16.533873,16.533873,17.596006,15.409701,1213.865967,1213.865967,547.417786,645.369385,7.401622,381.544464,703.99115
1666,1978.231323,15.545433,15.545433,16.222309,14.854734,564.752625,564.752625,346.488739,200.32135,3.443614,382.050415,802.209717
1667,1978.30603,15.019421,15.019421,15.31057,13.979692,518.014893,518.014893,219.319168,212.774734,3.407993,341.63504,729.416992
1668,1978.380737,15.659678,15.659678,15.694917,15.486797,258.705536,258.705536,180.720093,68.45034,1.74801,331.62796,796.213013
1669,1978.455322,12.990877,12.990877,14.829186,11.136006,271.275116,271.275116,166.835571,96.180168,1.858049,305.469788,776.368286
1670,1978.529785,14.767222,14.767222,17.292397,11.080312,234.547928,234.547928,151.390274,76.355148,1.595564,308.841644,768.81781
1671,1978.60437,14.035118,14.035118,16.069723,11.539723,517.468018,517.468018,444.018463,67.890381,3.360182,309.961792,776.287476
1672,1978.678955,17.188669,15.893717,17.220364,11.668644,482.164276,481.536835,366.396301,111.229294,2.922208,323.19397,1913.168823
1673,1978.753662,20.892197,19.578642,20.417023,18.492401,242.501755,241.007095,114.965042,122.776962,1.206476,387.155151,1064.863647
1674,1978.828369,19.49262,19.49262,18.793922,20.535431,552.317322,552.317322,342.133209,191.420044,2.694231,447.057373,1050.309814
1675,1978.903198,20.371584,20.371584,19.540638,21.196608,321.062897,321.062897,264.030975,43.740459,2.432295,261.561554,664.03186
1676,1978.978027,21.13299,21.13299,20.829809,21.428158,580.035034,580.035034,323.668671,246.426483,2.802102,425.39389,1016.946899
1677,1979.052856,20.759445,20.759445,20.147779,21.428005,506.678589,506.678589,390.590088,105.448975,2.625278,410.417236,1005.762939
1678,1979.127808,24.494244,21.882833,20.097961,23.933893,1012.359924,1007.738647,836.390442,155.503784,5.532022,394.113007,804.730042
1679,1979.202637,23.548216,22.552633,21.921293,23.949026,2794.404785,2792.246338,2630.125732,141.441162,15.186982,606.534058,9568.851563
1680,1979.277466,23.983128,19.652382,18.673521,22.127169,1223.150146,1211.5,688.144287,514.472534,7.597206,434.936218,690.143616
1681,1979.352173,23.050886,20.928221,21.072893,20.494844,802.773743,795.916016,494.458984,293.884552,4.865295,581.44183322943.103516,
1682,1979.426758,23.894835,19.940844,18.260878,21.412495,1201.319702,1194.637939,1031.351563,159.418182,10.537892,282.390015,535.242859
1683,1979.501343,22.510452,19.572168,17.870951,20.597115,466.284302,462.795441,179.536133,278.390839,3.586802,305.557617,663.695313
1684,1979.575806,25.508272,21.703094,20.373978,22.019829,374.015015,366.244934,248.588013,115.931877,3.495467,378.50064134801.347656,
1685,1979.650391,24.003719,20.999605,19.264429,22.360126,658.956238,652.765686,465.168121,179.516586,5.0302,316.408234,662.87677
1686,1979.725098,20.3687,17.73477,18.799721,16.611301,529.974121,520.742126,303.378326,194.075485,3.605266,379.080475,1545.306519
1687,1979.799805,23.296801,18.661228,18.451649,18.728991,579.0401,565.149475,478.089508,84.035324,4.825334,337.27917512519.793945,
1688,1979.874512,20.766094,19.422478,19.296356,19.303391,459.910278,456.891846,96.011436,352.93811,2.311107,413.890228,1076.776001
1689,1979.949341,21.316271,19.472345,18.849659,20.037155,1107.385254,1105.544678,403.287292,668.846436,5.890347,601.32934635480.246094,
1690,1980.024292,23.529749,20.678894,19.366358,22.231419,1238.669434,1091.813721,408.395111,670.932007,6.553806,463.761444,802.555725
1691,1980.098999,22.093075,20.899912,21.255363,20.678642,384.925446,380.088837,66.247269,306.037903,1.782062,572.038452,4998.728516
1692,1980.173706,23.014288,19.838558,20.645687,18.56971,518.065613,511.812378,76.185532,432.725037,3.92474,302.772736,760.480286
1693,1980.248291,22.767139,19.987915,20.561111,19.426579,342.617401,336.946259,86.946976,244.865845,3.032012,285.717926,746.566406
1694,1980.322876,20.346018,19.851324,21.531551,17.922495,682.542725,681.145447,351.422272,303.130585,3.878084,419.05249,874.867493
1695,1980.397339,15.774866,15.774866,15.211786,16.167114,391.412384,391.412384,225.390015,158.486786,2.357906,324.39389,912.422485
1696,1980.47168,15.634408,15.634408,17.178646,14.387541,485.542938,485.542938,235.676239,233.401993,2.258339,516.561096,3911.278809
1697,1980.546021,18.193754,18.193754,17.831999,18.536327,313.324768,313.324768,162.836487,140.498413,1.492023,468.290253,9468.46875
1698,1980.620361,23.14683,22.524572,22.182011,22.848869,1656.208374,1655.807373,1574.974365,72.433998,7.886706,459.93634,6447.219727
1699,1980.694702,21.653028,21.653028,25.07197,19.386324,169.201859,169.201859,100.098976,65.043579,0.895248,408.223114,8945.947266
1700,1980.769165,21.960032,21.960032,22.072216,21.970882,302.673676,302.673676,174.520859,116.74456,1.780433,350.527344,933.061829
1701,1980.84375,22.209471,22.209471,21.320057,23.343653,362.770355,362.770355,186.167725,165.835754,2.10913,377.022552,918.606934
1702,1980.918335,21.869488,21.869488,20.53554,23.513638,391.12738,391.12738,166.243271,214.221222,2.370469,386.84671,843.872314
1703,1980.993042,17.693754,17.693754,14.643151,20.278006,437.017975,437.017975,253.858551,138.269012,3.077591,310.338654,699.396545
1704,1981.067749,20.009441,20.009441,16.223392,23.871469,762.574707,762.574707,176.830658,433.693542,4.407946,365.961304,855.718201
1705,1981.1427,20.138697,20.138697,18.172623,22.355265,513.705139,513.705139,272.300171,225.836823,3.35755,354.989441,775.043335
1706,1981.217529,18.887161,18.887161,19.305311,18.619455,559.267761,559.267761,249.68306,296.453278,3.608179,321.293304,764.873718
1707,1981.292358,22.240963,21.028049,23.121994,19.716442,219.224258,218.273972,147.983734,66.746475,1.636002,254.610535,674.077271
1708,1981.367065,21.470739,21.470739,21.93799,21.022406,306.513855,306.513855,181.385452,110.788864,1.964832,336.880249,790.505066
1709,1981.44165,20.654095,20.654095,22.593582,17.491922,695.461121,695.461121,90.570892,596.719543,4.932348,280.550415,730.637451
1710,1981.516113,21.274426,20.451551,19.155472,21.845707,158.604599,157.791595,94.698685,58.92305,1.036631,283.122253,844.943909
1711,1981.590698,17.143057,17.143057,18.936176,14.962254,310.206909,310.206909,172.119019,131.289795,1.762539,438.34710729124.953125,
1712,1981.665283,16.226286,16.226286,13.663963,19.086523,1021.93866,1021.93866,253.765259,560.177673,6.767806,332.646057,709.91449
1713,1981.73999,16.605339,16.605339,15.270266,17.138525,720.923889,720.923889,277.779602,246.543625,4.450148,387.642883,794.439514
1714,1981.814697,14.404058,14.404058,13.89982,14.947019,267.81955,267.81955,89.296158,170.201691,1.727868,345.255981,833.138794
1715,1981.889404,13.724747,13.724747,11.758512,15.418571,698.875854,698.875854,101.180946,494.303223,4.451438,338.968628,777.641968
1716,1981.964355,14.685529,14.685529,11.643861,16.399361,268.324554,268.324554,40.045017,223.694397,1.850514,292.06955,3129.785889
1717,1982.039185,17.467371,17.467371,10.623834,23.467651,120.639297,120.639297,66.887848,47.496399,0.942495,215.576996,619.65155
1718,1982.114014,14.715047,14.715047,9.873774,19.023685,343.323334,343.323334,53.882744,276.374664,2.640949,245.908661,712.500244
1719,1982.188965,12.232615,12.232615,12.1031,12.488615,105.406998,105.406998,50.985149,50.010033,0.89328,193.492249,592.239136
1720,1982.263794,15.647516,15.647516,15.864513,15.294233,183.148773,183.148773,33.783222,140.522476,1.46519,252.35899413350.006836,
1721,1982.338501,16.791019,16.791019,15.213923,18.25942,106.54776,106.54776,68.510506,36.806007,0.942901,175.623718,582.617798
1722,1982.413208,18.014055,18.014055,17.177038,19.098309,165.200424,165.200424,66.159882,96.358696,1.290628,226.700592,665.617188
1723,1982.487671,18.499407,18.499407,18.197083,18.949156,174.174377,174.174377,75.041222,94.704361,1.416052,217.972061,593.711975
1724,1982.562256,18.271723,18.271723,18.098841,18.511499,142.901138,142.901138,76.363098,63.891365,1.074445,233.334442,682.680542
1725,1982.636719,18.785872,18.785872,19.070461,18.584589,183.521805,183.521805,72.636909,107.842049,1.349425,244.341354,707.368042
1726,1982.711426,17.940973,17.940973,16.626196,19.556902,178.169769,178.169769,89.854767,84.146637,1.263615,250.457733,713.000183
1727,1982.786133,16.16749,16.16749,16.524544,15.629495,266.95636,266.95636,182.849121,80.247581,1.893308,230.82933,699.263672
1728,1982.86084,13.928905,13.928905,14.210879,13.594385,237.652573,237.652573,111.418083,110.048035,1.58435,247.973297,618.982117
1729,1982.935669,12.987029,12.987029,12.292404,13.6753,503.269806,503.269806,158.841415,329.888641,3.165219,333.405121,740.821777
1730,1983.010498,13.99993,13.99993,14.031926,14.02211,482.001801,482.001801,214.625153,253.267868,2.770125,383.465088,845.250122
1731,1983.085449,14.146613,14.146613,14.300037,13.953679,1661.283081,1661.283081,486.331543,176.436279,10.858059,331.956787,707.36969
1732,1983.1604,13.602583,13.602583,13.859329,13.448174,1220.972534,1220.972534,470.83902,728.823669,7.58368,342.010468,707.957214
1733,1983.235229,12.403881,12.403881,13.053765,11.640588,3615.81958,3615.81958,215.210983,3156.692627,24.765888,305.550171,656.813965
1734,1983.309937,14.183722,14.183722,15.411086,13.193277,324.898315,324.898315,94.60479,209.277588,2.272016,288.583649,676.793518
1735,1983.384644,15.14862,15.14862,15.869647,14.701418,338.304047,338.304047,101.862579,205.450821,2.301388,312.332153,714.052917
1736,1983.459229,12.840141,12.840141,10.884585,14.179198,216.402069,216.402069,87.537903,113.101616,1.534766,285.788452,660.9953
1737,1983.533691,13.910771,13.910771,11.694823,15.849447,170.863678,170.863678,81.745071,78.185112,1.256351,274.853638,724.610291
1738,1983.608276,12.459607,12.459607,11.719412,13.033752,188.28894,188.28894,74.957497,100.044617,1.354597,283.960266,684.842773
1739,1983.682861,12.050885,12.050885,9.720336,13.0886,172.417938,172.417938,64.630478,96.207214,1.249405,273.58075,682.477661
1740,1983.757568,11.134075,11.134075,9.218918,12.052797,171.443466,171.443466,65.826889,92.937157,1.279429,259.385132,669.480164
1741,1983.832275,10.385516,10.385516,9.425956,11.116535,146.535721,146.535721,62.98436,73.166695,1.077469,249.695343,681.18689
1742,1983.907104,10.376638,10.376638,10.408782,10.4106,129.186874,129.186874,57.205696,63.567055,0.978688,242.077454,664.392944
1743,1983.981934,9.504344,9.504344,10.784451,8.271739,110.041573,110.041573,51.52903,50.911274,0.8597,219.910767,626.200012
1744,1984.056763,9.688582,9.688582,9.53179,9.822611,88.3321,88.3321,43.347515,39.363663,0.736101,198.485245,629.041077
1745,1984.13147,11.291304,11.291304,9.447682,12.634064,89.575401,89.575401,51.693916,32.618256,0.740293,200.477692,646.53949
1746,1984.206177,13.074425,13.074425,12.94007,13.206617,96.078308,96.078308,60.289787,31.283724,0.787527,209.917999,648.49646
1747,1984.280762,14.153729,14.153729,14.554102,13.297927,93.36013,93.36013,51.820107,36.690178,0.818949,175.542847,531.164978
1748,1984.355225,11.229544,11.229544,8.643079,12.674277,98.539833,98.539833,44.182587,48.930801,0.856868,171.813705,491.750946
1749,1984.429688,11.417434,11.417434,9.839955,12.093186,122.156792,122.156792,61.510696,53.398647,1.100512,168.851959,465.075531
1750,1984.504028,11.814831,11.814831,11.152393,12.238356,475.426941,475.426941,418.100433,45.641796,4.244884,168.463654,470.517578
1751,1984.578247,10.649837,10.649837,8.993651,11.759074,101.354431,101.354431,46.790298,48.035053,0.938467,156.789917,440.359283
1752,1984.65271,11.223318,11.223318,9.801632,12.396333,83.293747,83.293747,41.238983,37.245113,0.757216,156.007263,472.189758
1753,1984.727173,10.424532,10.424532,9.370493,11.120417,68.852089,68.852089,28.141026,37.231911,0.631671,154.147827,501.330048
1754,1984.801636,10.17113,10.17113,9.768258,10.360186,55.158478,55.158478,24.52441,28.562937,0.506041,143.859161,496.208008
1755,1984.876221,9.309148,9.309148,9.394473,9.3272,48.557251,48.557251,22.197674,24.441818,0.46245,133.56366,497.804108
1756,1984.950806,8.221664,8.221664,7.944313,8.408442,38.945019,38.945019,17.041801,20.27704,0.385594,117.026192,441.7901
1757,1985.025513,7.706739,7.706739,6.273829,8.034338,31.312294,31.312294,12.303979,17.910885,0.316286,101.624397,411.401154
1758,1985.100342,5.822703,5.822703,5.698127,5.742872,24.826246,24.826246,10.366882,13.446842,0.266949,85.445801,364.302582
1759,1985.175293,5.623748,5.623748,4.637185,5.510271,21.461899,21.461899,7.756937,12.957384,0.233282,76.186874,328.142059
1760,1985.250122,4.809483,4.809483,5.167514,4.592637,20.904697,20.904697,9.223398,10.89336,0.232274,74.889908,330.838867
1761,1985.324829,4.919234,4.919234,4.651426,4.890504,24.470654,24.470654,11.295139,11.771987,0.257586,84.152115,353.744812
1762,1985.399536,4.249063,4.249063,4.638874,3.986599,20.688408,20.688408,9.874408,9.668055,0.224874,70.059532,300.216888
1763,1985.473999,4.840775,4.840775,4.921075,4.26047,28.107452,28.107452,17.227392,9.393962,0.302231,87.962456,356.581665
1764,1985.548584,4.149209,4.149209,4.701942,3.842405,19.858828,19.858828,8.367254,10.7652,0.220654,67.568832,299.114502
1765,1985.623169,5.968637,5.968637,6.829335,5.130007,29.252201,29.252201,16.723433,10.955742,0.30471,94.27195,385.527405
1766,1985.697754,4.972054,4.972054,5.3028,4.726477,19.620258,19.620258,9.728029,8.922446,0.220452,66.957298,278.885101
1767,1985.772461,4.541074,4.541074,5.658669,3.557513,17.223387,17.223387,9.811901,7.011253,0.19572,63.080818,274.217712
1768,1985.847168,5.562862,5.562862,5.892537,5.234645,38.245129,38.245129,19.790733,16.162102,0.374952,121.513603,492.478851
1769,1985.921997,5.170888,5.170888,4.54546,5.427431,34.95924,34.95924,15.22188,17.032267,0.346131,109.514236,449.635345
1770,1985.996826,4.860128,4.860128,4.573932,5.129041,44.566746,44.566746,20.937544,20.098284,0.432687,123.923111,478.278137
1771,1986.071777,5.510725,5.510725,6.422399,4.557042,57.472332,57.472332,24.827511,26.523184,0.552619,126.235161,446.649841
1772,1986.146606,6.889094,6.889094,3.304899,8.211954,30.413593,30.413593,9.788733,18.352947,0.323549,82.513222,310.876831
1773,1986.221558,6.889094,6.889094,3.304899,8.211954,30.413593,30.413593,9.788733,18.352947,0.323549,82.513222,310.876831
1774,1986.296265,4.292306,4.292306,4.189639,4.348868,22.9499,22.9499,7.191026,14.258729,0.249455,81.947426,361.288269
1775,1986.370972,4.463575,4.463575,3.855354,5.003121,21.671064,21.671064,10.77104,9.58429,0.243495,70.891319,288.365631
1776,1986.445557,3.901336,3.901336,3.874757,3.941459,19.995773,19.995773,11.073806,7.827337,0.224672,66.457718,279.34079
1777,1986.520142,3.476729,3.476729,3.233964,3.768423,15.679855,15.679855,9.093821,5.838143,0.182324,57.184307,255.152832
1778,1986.594604,3.599411,3.599411,3.68042,2.588282,16.461203,16.461203,10.99633,4.735882,0.187059,60.932884,270.677032
1779,1986.669189,3.528129,3.528129,3.883515,2.598923,14.527063,14.527063,8.87526,4.867857,0.16508,54.190842,249.224686
1780,1986.743896,3.532188,3.532188,3.782837,2.256325,13.737696,13.737696,9.46493,3.633928,0.159741,51.303173,230.764206
1781,1986.818604,7.037785,7.037785,8.589509,1.418408,22.868561,22.868561,17.810606,4.229396,0.245899,71.101974,279.560455
1782,1986.893433,4.033373,4.033373,5.218107,1.344595,11.738246,11.738246,8.104913,3.206393,0.143149,44.631676,201.281235
1783,1986.968262,3.781752,3.781752,4.814475,2.427604,12.480378,12.480378,8.140945,3.702549,0.1522,47.665848,213.95105
1784,1987.043091,2.845191,2.845191,2.702923,2.946714,8.266644,8.266644,3.953945,3.975242,0.103333,34.938755,164.283417
1785,1987.118042,2.946713,2.946713,2.490727,3.089192,8.177504,8.177504,3.528125,4.441816,0.100957,34.493225,161.485535
1786,1987.192871,2.681339,2.681339,2.266668,2.750495,10.060499,10.060499,3.21011,6.294144,0.121211,41.282764,189.835648
1787,1987.2677,2.447201,2.447201,2.085919,2.841051,16.272379,16.272379,7.111867,7.92077,0.180804,62.322124,281.613953
1788,1987.342529,2.84432,2.84432,2.373473,3.197012,14.509216,14.509216,6.672127,6.785903,0.163025,56.902355,253.824051
1789,1987.417114,9.332833,9.332833,9.998052,7.527209,47.571049,47.571049,39.188038,6.724732,0.47571,118.499306,422.655823
1790,1987.491577,5.942809,5.942809,6.222621,5.461334,33.524895,33.524895,18.951336,12.490221,0.335249,106.796051,432.27002
1791,1987.566162,5.934569,5.934569,6.938919,4.363506,43.29789,43.29789,22.611769,18.090353,0.412361,127.99073,492.971527
1792,1987.640747,7.774165,7.774165,8.736885,6.119929,52.866249,52.866249,27.260475,23.058189,0.489502,144.570465,525.316406
1793,1987.715332,12.966183,12.966183,8.194996,15.498073,39.74139,39.74139,16.674765,21.898083,0.397414,125.655144,513.303772
1794,1987.790039,6.379752,6.379752,5.835133,6.967995,23.119341,23.119341,8.170153,14.494853,0.248595,79.901138,326.680481
1795,1987.864868,8.225894,8.225894,7.363823,8.929599,48.176792,48.176792,18.785837,27.169231,0.446081,137.539719,527.351013
1796,1987.939697,6.366512,6.366512,5.86339,6.557035,36.211712,36.211712,12.040557,22.530653,0.365775,108.77314,411.553436
1797,1988.014526,8.04463,8.04463,7.097868,8.192703,45.86763,45.86763,14.742199,29.292959,0.436835,125.053009,479.876404
1798,1988.089233,8.814005,8.814005,8.711345,8.791128,52.855629,52.855629,19.423241,30.997633,0.480506,149.698212,534.231445
1799,1988.16394,10.882278,10.882278,11.069194,10.248773,87.106613,87.106613,45.932922,36.732464,0.713989,204.745361,666.966736
1800,1988.238647,13.425359,13.425359,12.224304,13.790085,100.080284,100.080284,26.79608,70.845436,0.813661,211.426346,650.669189
1801,1988.313232,9.89832,9.89832,6.610389,11.588637,57.545692,57.545692,17.603962,38.237957,0.523143,148.085831,506.716339
1802,1988.387695,15.694777,15.694777,9.632529,16.059641,319.10434,319.10434,39.517151,268.121185,2.399281,252.751663,689.275085
1803,1988.462036,14.287042,14.287042,10.624991,14.997985,456.051422,456.051422,117.216087,211.181946,3.508088,245.124847,599.084534
1804,1988.536255,12.362549,12.362549,11.990681,11.914907,778.024841,778.024841,686.287231,67.135147,6.538024,193.55069,532.568726
1805,1988.610596,16.752262,16.752262,20.625599,10.422215,210.165878,210.165878,133.985977,70.651588,1.38267,237.677444,728.725525
1806,1988.685059,17.919046,17.919046,20.108843,14.883186,372.737396,372.737396,119.313866,238.699921,2.286732,288.50589,779.251587
1807,1988.759521,19.380022,19.380022,20.506161,11.369239,455.650757,455.650757,419.853058,26.986633,3.928024,201.497528,503.767883
1808,1988.834106,16.861078,16.861078,17.504866,11.785706,116.152039,116.152039,81.459984,31.033781,0.967934,200.308868,554.017822
1809,1988.908691,13.89502,13.89502,14.492928,12.591744,256.423492,256.423492,184.987076,65.751709,1.633271,369.12863220487.210938,
1810,1988.983276,17.304764,17.304764,19.812948,14.377369,569.275269,569.275269,329.29657,219.41011,4.312691,258.010498,551.112915
1811,1989.057983,19.007317,19.007317,22.405132,16.059273,224.987427,224.987427,76.312569,141.417435,1.470506,317.716827,844.710449
1812,1989.132935,21.796488,20.733406,20.880667,20.753542,469.741577,466.218933,217.136749,243.781158,3.05027,368.065674,6674.634277
1813,1989.207886,20.237234,19.577274,18.917437,20.027634,629.30835,624.204346,436.294983,180.893311,3.680166,576.50262522425.298828,
1814,1989.282593,18.985765,18.411699,20.144253,17.294188,714.355408,711.666138,181.932266,515.03363,5.371093,329.80777,3843.306641
1815,1989.3573,22.505484,21.804478,19.24365,22.283178,981.560608,971.358887,754.736084,211.699661,10.119182,275.752411,2146.100098
1816,1989.431885,20.024694,18.543665,19.107683,18.190035,336.776917,331.60968,279.163452,50.407276,3.177141,284.15155,4836.862305
1817,1989.50647,22.404991,20.559351,17.032881,17.007509,188.67392,176.769348,109.257446,66.617455,1.451338,232.2724,661.52832
1818,1989.580933,23.855141,17.875715,15.481419,17.835749,923.799988,905.677551,247.740707,653.875427,5.248864,395.185181,677.216675
1819,1989.655518,22.882038,19.398283,17.439947,20.270525,382.288483,362.451904,120.439705,238.564056,2.055315,368.35611,918.941223
1820,1989.730225,21.165089,20.054785,17.457968,18.22159,669.89032,661.968689,145.617432,499.115692,5.928233,266.175507,559.604858
1821,1989.804932,22.526665,19.524065,20.234205,18.682356,242.988113,240.052032,169.158707,60.733307,1.869139,495.49102848206.304688,
1822,1989.879761,21.269114,19.345488,19.568506,18.802082,448.571899,442.36145,195.365723,236.614655,2.931843,407.47406,7805.509766
1823,1989.95459,21.737152,20.201977,22.57987,18.95978,355.897308,352.790436,85.471939,235.618668,2.196897,374.123352,922.939636
1824,1990.029419,21.70293,20.590292,20.927113,20.202158,356.959686,355.548248,80.124084,268.622284,2.348419,341.932861,1283.243164
1825,1990.10437,23.497154,22.11002,20.317856,23.006544,541.406555,536.830811,206.871979,322.432556,4.296877,286.404724,4767.712402
1826,1990.179199,21.001787,17.435387,20.074905,15.43513,379.309448,371.83432,175.267136,190.875687,2.917765,435.475952,7906.730957
1827,1990.254028,22.80447,19.854233,21.315966,18.45455,257.110657,250.554932,105.878197,138.58139,1.737234,322.968445,785.389343
1828,1990.328857,22.737318,19.874508,21.362944,16.381563,642.368042,623.988647,499.970581,117.142349,5.098159,302.380493,1067.26416
1829,1990.403442,23.781151,18.780264,20.683517,16.599638,206.158585,199.738861,107.071404,87.740875,1.205606,306.477753,1411.128296
1830,1990.478027,22.382807,20.248987,21.9862,18.795416,235.573547,230.690521,74.841545,152.421814,1.226946,383.935516,4495.168457
1831,1990.55249,20.576626,17.778704,20.236885,16.33502,688.085815,671.115906,355.402374,298.467499,3.324086,586.48822,5698.621582
1832,1990.627075,24.39596,22.067654,23.675409,17.50024,262.130371,250.167908,205.754303,41.464458,2.166367,310.241699,8389.697266
1833,1990.70166,21.997522,20.264738,22.103313,18.842588,1240.241455,1234.981934,885.165833,237.140625,10.975588,290.393066,570.272949
1834,1990.776367,23.105152,19.105623,21.661478,16.097603,2248.221924,2240.39624,551.15332,1644.419434,18.580347,317.544403,533.678101
1835,1990.851196,23.729372,20.897701,21.322094,20.081684,705.182678,700.649475,232.409271,413.476013,5.037019,307.008453,634.21051
1836,1990.925903,22.743633,22.094038,24.827444,19.352646,964.004456,962.483337,232.472275,679.542175,4.796042,508.795013,1961.908447
1837,1991.000854,19.319267,19.319267,21.432676,15.957685,1070.137329,1070.137329,421.815308,616.20343,4.632629,550.840637,1081.770386
1838,1991.075684,22.143829,22.143829,19.433659,24.830502,2989.238037,2989.238037,2708.597656,231.97554,16.515127,435.979797,959.134277
1839,1991.150635,19.350887,18.905869,18.151022,19.837746,1318.324463,1317.889038,1142.14917,169.815048,8.847816,333.596924,820.849304
1840,1991.225464,18.437681,18.437681,17.531763,19.005888,711.108704,711.108704,451.824188,252.710754,4.529355,357.794861,855.978027
1841,1991.300293,19.33428,19.33428,18.386288,19.939007,611.443237,611.443237,213.531174,334.461884,3.919508,358.23761,771.634094
1842,1991.375,19.117657,19.117657,18.825123,19.194622,394.292847,394.292847,170.205383,212.35878,2.628619,348.765106,755.167236
1843,1991.449463,18.133585,18.133585,20.12027,16.670807,464.628265,464.628265,110.732399,345.470673,3.27203,319.803436,784.781616
1844,1991.524048,20.278814,20.278814,21.044504,19.706013,2229.765381,2229.765381,1604.953369,195.827789,17.15204,259.362976,568.65918
1845,1991.598511,19.526295,19.526295,17.603123,20.847851,882.498108,882.498108,353.208405,467.224518,6.086194,254.495728,679.746399
1846,1991.673096,19.707935,19.707935,16.42659,22.146721,599.826782,599.826782,95.762924,470.908936,3.725632,311.90094,677.863342
1847,1991.747803,18.633736,18.633736,14.63945,21.973551,442.841522,442.841522,80.912498,346.671234,2.802794,316.385925,674.221497
1848,1991.822632,16.630772,16.630772,12.485305,20.426739,1854.044434,1854.044434,1393.613892,437.765778,14.714639,241.547241,540.336487
1849,1991.897339,16.369961,16.369961,14.487226,18.030132,335.62439,335.62439,169.119034,152.231705,2.622066,232.016724,501.541077
1850,1991.972168,15.782411,15.782411,17.111752,13.472001,366.565063,366.565063,150.256409,206.016052,2.695331,247.126282,489.045074
1851,1992.046997,12.119573,12.119573,11.709736,12.57032,1488.398682,1488.398682,1033.982544,395.882996,12.003215,202.2995,448.756348
1852,1992.121704,10.762553,10.762553,11.911673,9.040513,420.532501,420.532501,246.58873,94.236046,3.234865,208.073563,517.163086
1853,1992.196411,11.711514,11.711514,14.346101,8.45661,176.528442,176.528442,67.377571,44.119904,1.50879,189.295273,543.69165
1854,1992.271118,12.735667,12.735667,14.997009,10.11324,152.108368,152.108368,69.239288,76.745155,1.179135,173.477493,561.63031
1855,1992.345581,10.770403,10.770403,12.696302,9.422654,1955.49231,1955.49231,1822.481445,112.902924,16.161093,190.991547,479.822205
1856,1992.419922,8.405857,8.405857,5.844123,7.90401,153.469086,153.469086,24.369194,119.490936,1.26834,197.50174,559.946106
1857,1992.494263,9.59936,9.59936,7.778832,10.581236,156.616119,156.616119,64.219124,68.4533,1.283739,184.625748,485.448334
1858,1992.568604,12.668201,12.668201,10.392802,14.622164,214.510895,214.510895,114.790398,83.350334,1.689062,217.831696,595.82843
1859,1992.642944,14.06609,14.06609,9.863206,16.101517,346.626526,346.626526,120.552116,211.879257,2.773012,219.765656,532.766296
1860,1992.717407,13.864118,13.864118,3.929097,15.131108,106.100121,106.100121,46.367996,48.435284,0.906839,177.844803,583.975708
1861,1992.791992,10.720176,10.720176,5.444763,11.716556,70.061501,70.061501,28.027376,37.392925,0.636923,151.881165,483.106079
1862,1992.866455,11.22193,11.22193,8.696614,12.3549,319.932037,319.932037,43.328018,232.187195,2.423728,246.618088,667.748718
1863,1992.941162,13.557034,13.557034,5.758834,13.450349,54.549191,54.549191,23.507935,28.947712,0.495902,153.504913,588.394714
1864,1993.015747,13.422375,13.422375,5.607519,14.444728,63.345974,63.345974,22.448549,39.1964,0.560584,172.537415,630.260071
1865,1993.090576,14.67663,14.67663,6.718054,17.523226,128.438461,128.438461,47.000679,71.911232,1.003425,234.617676,649.649292
1866,1993.165527,14.692296,14.692296,5.838799,16.944502,94.993523,94.993523,28.985867,59.762177,0.78507,195.577072,590.580078
1867,1993.240356,12.313452,12.313452,8.167562,14.923204,131.079651,131.079651,45.894512,77.208427,1.032123,228.389191,603.536072
1868,1993.315186,10.790898,10.790898,7.862179,12.583938,132.911758,132.911758,47.765152,76.01165,1.022398,233.444687,624.686646
1869,1993.389771,10.583772,10.583772,8.723202,11.890126,283.563019,283.563019,155.658951,103.008575,2.148205,242.437439,603.420044
1870,1993.464355,11.539223,11.539223,9.328919,11.863732,251.383575,251.383575,86.107864,146.08754,2.043769,215.117737,570.034607
1871,1993.538818,11.789508,11.789508,9.224813,13.057261,168.055603,168.055603,65.740013,96.077576,1.388889,189.223251,567.764648
1872,1993.613403,11.886896,11.886896,9.533085,13.555776,247.325333,247.325333,100.33725,141.648712,2.027257,195.778,579.577576
1873,1993.687988,11.430257,11.430257,8.383658,13.23103,117.961655,117.961655,43.005566,68.454445,1.053229,163.29805,527.617554
1874,1993.762695,9.687871,9.687871,8.658096,9.442418,49.445011,49.445011,20.437355,25.946178,0.480049,130.924118,486.597015
1875,1993.837524,8.170527,8.170527,7.308093,8.730992,81.406754,81.406754,29.985641,44.618977,0.689888,169.72464,535.878784
1876,1993.912231,9.749399,9.749399,6.749373,11.394105,81.802078,81.802078,36.801395,39.111816,0.723912,161.536652,497.499176
1877,1993.987061,11.448224,11.448224,7.857501,12.889585,339.820648,339.820648,53.684608,277.602966,2.929488,179.249451,502.248871
1878,1994.062012,12.185028,12.185028,8.527211,13.313556,121.514175,121.514175,50.69022,61.007355,1.038583,188.326508,531.793701
1879,1994.136841,12.371922,12.371922,7.426752,13.596504,105.822403,105.822403,39.397621,57.869717,0.928267,168.389587,498.170044
1880,1994.211792,11.583866,11.583866,7.20549,12.916757,104.56868,104.56868,43.168526,52.059799,0.950624,161.913239,443.36322
1881,1994.286621,11.450486,11.450486,6.846243,12.907026,181.67804,181.67804,96.819092,57.049507,1.651619,159.135559,419.855377
1882,1994.361328,10.934816,10.934816,7.32442,12.006471,260.239258,260.239258,128.966507,57.095436,2.409623,145.652802,420.622864
1883,1994.435913,9.936998,9.936998,7.323221,10.927249,78.040375,78.040375,33.733421,36.153316,0.765102,118.306458,344.163086
1884,1994.510376,8.30547,8.30547,5.737346,9.664317,35.255478,35.255478,13.617328,20.024601,0.35975,103.128021,393.21701
1885,1994.584961,7.057873,7.057873,4.718487,7.782224,30.295753,30.295753,11.47493,17.071222,0.318903,90.539696,366.016388
1886,1994.659546,6.723531,6.723531,5.843055,7.328056,31.911053,31.911053,11.590722,19.071892,0.325623,102.252449,404.782074
1887,1994.734131,7.738409,7.738409,6.156018,8.432962,42.707001,42.707001,11.421159,29.904799,0.414631,128.104324,478.053711
1888,1994.808838,6.820103,6.820103,6.093096,6.963475,36.708637,36.708637,12.071479,23.133678,0.363452,114.688034,445.681641
1889,1994.883667,6.449736,6.449736,5.453746,6.669491,37.38348,37.38348,10.581373,25.200716,0.370133,115.772758,467.164093
1890,1994.958496,7.355509,7.355509,5.267892,8.458108,49.274082,49.274082,18.734997,27.670572,0.460505,139.830688,537.010437
1891,1995.033325,7.94695,7.94695,5.179502,8.330071,52.10334,52.10334,13.265569,36.195488,0.465208,151.800888,620.639099
1892,1995.108276,7.452687,7.452687,4.485263,7.985401,61.974514,61.974514,20.193014,38.12952,0.538909,165.825821,612.586182
1893,1995.183228,6.552963,6.552963,5.329615,6.516723,49.069847,49.069847,16.063492,29.583111,0.458597,138.395386,501.585266
1894,1995.258057,8.242644,8.242644,5.648101,9.352753,56.922733,56.922733,19.654894,34.600273,0.517479,156.522247,565.522705
1895,1995.332764,7.981844,7.981844,5.59226,8.890804,64.13739,64.13739,23.934776,36.417088,0.552909,170.597168,610.730896
1896,1995.407349,8.13777,8.13777,4.938612,9.558291,61.361385,61.361385,22.319191,34.850895,0.538258,162.059677,593.195313
1897,1995.481934,8.174216,8.174216,6.27663,9.687602,57.562778,57.562778,26.998802,27.834967,0.523298,156.277313,571.254089
1898,1995.556396,7.354506,7.354506,5.768291,8.213069,42.845535,42.845535,21.952587,19.017942,0.411976,121.757408,443.490448
1899,1995.630981,5.641893,5.641893,5.183942,5.896505,35.498352,35.498352,19.010912,14.598599,0.354984,107.23716,420.338715
1900,1995.705566,5.812277,5.812277,5.270005,5.884856,37.413948,37.413948,23.328857,12.4181,0.374139,109.539391,410.154236
1901,1995.780396,5.236233,5.236233,5.316758,5.128695,42.048626,42.048626,23.269056,15.366463,0.408239,114.165054,434.734253
1902,1995.855103,4.84765,4.84765,5.357162,4.207007,35.043297,35.043297,18.605253,13.760641,0.353973,107.90197,414.889221
1903,1995.929932,4.370592,4.370592,3.483857,4.926461,19.644083,19.644083,8.116127,10.175168,0.218268,71.048416,310.524933
1904,1996.004761,3.070426,3.070426,2.670398,3.270037,13.544503,13.544503,7.743935,5.127574,0.159347,53.327736,239.01329
1905,1996.079468,2.764459,2.764459,2.875957,2.503156,12.487626,12.487626,7.557763,4.149709,0.146913,49.770729,226.390457
1906,1996.154175,3.774964,3.774964,4.16428,1.486841,12.624649,12.624649,8.897808,2.867834,0.152104,50.335072,231.061142
1907,1996.228882,4.86329,4.86329,4.245164,5.51342,12.736302,12.736302,6.767305,5.485438,0.151623,50.184677,228.089706
1908,1996.303467,4.230908,4.230908,3.727693,4.971162,18.83971,18.83971,11.936139,5.761881,0.20933,68.460106,301.279846
1909,1996.37793,3.77257,3.77257,3.808984,3.280126,19.068203,19.068203,11.152766,6.357465,0.214249,69.967285,309.818329
1910,1996.452271,3.880391,3.880391,4.217051,3.428406,20.499628,20.499628,11.942607,7.052144,0.225271,71.401382,302.511292
1911,1996.526611,6.126053,6.126053,7.668571,3.464359,28.559837,28.559837,17.862106,8.994199,0.297498,91.18087,379.133972
1912,1996.600952,7.186823,7.186823,8.310031,5.692869,30.203901,30.203901,17.497639,10.74789,0.328303,83.779686,321.930115
1913,1996.675293,8.704251,8.704251,10.315773,6.742414,49.324482,49.324482,26.906452,18.913258,0.488361,111.279366,382.255646
1914,1996.749878,9.500316,9.500316,10.11477,8.655807,46.789696,46.789696,25.330179,17.688581,0.482368,96.621704,308.853241
1915,1996.824341,6.555377,6.555377,7.322089,4.703879,33.851936,33.851936,17.381432,14.178173,0.352624,93.206657,346.327911
1916,1996.898926,4.474038,4.474038,3.83134,5.216542,21.261326,21.261326,12.237506,8.144111,0.228616,77.35466,334.703857
1917,1996.973633,7.094233,7.094233,7.375802,6.568988,38.930405,38.930405,20.368927,15.894878,0.401344,100.019791,345.248962
1918,1997.04834,7.282663,7.282663,5.633605,8.959738,51.898754,51.898754,22.235806,25.986965,0.503871,116.516563,404.621033
1919,1997.123169,5.372578,5.372578,3.803834,6.595621,24.990686,24.990686,11.077121,12.295448,0.277674,71.343628,265.625092
1920,1997.19812,5.369591,5.369591,6.711391,1.745039,20.868885,20.868885,12.575521,6.482853,0.231877,68.166847,282.41571
1921,1997.272949,5.20055,5.20055,6.208414,3.00433,27.83007,27.83007,15.525367,10.376602,0.292948,90.584724,385.216919
1922,1997.347656,6.034119,6.034119,6.497653,1.729698,22.346985,22.346985,16.628372,4.611861,0.242902,79.48616,340.042969
1923,1997.422241,4.213734,4.213734,4.612745,2.358928,21.400032,21.400032,13.106027,6.822013,0.232609,76.804565,335.069122
1924,1997.496704,5.039139,5.039139,5.420236,2.624198,27.963316,27.963316,16.88232,9.046035,0.291285,96.378716,408.766815
1925,1997.571289,5.823434,5.823434,5.405838,6.503,30.211571,30.211571,17.155273,11.070895,0.314704,101.034546,413.309296
1926,1997.645874,11.325975,11.325975,11.657398,9.152333,78.365135,78.365135,51.201866,24.112572,0.653043,196.171051,673.957825
1927,1997.720459,11.910704,11.910704,9.37647,14.350885,84.138741,84.138741,49.643013,29.125164,0.731641,174.575851,547.319885
1928,1997.795166,6.227483,6.227483,7.41496,5.243778,33.332417,33.332417,16.860268,14.512172,0.343633,99.876343,387.368683
1929,1997.869995,3.517322,3.517322,3.185711,4.076737,29.301172,29.301172,13.966131,12.863835,0.308433,95.642853,375.979156
1930,1997.944824,8.216858,8.216858,8.368741,7.221369,78.494026,78.494026,51.593399,22.787777,0.676673,163.108093,499.415222
1931,1998.019653,6.812089,6.812089,5.69555,6.930763,43.359745,43.359745,23.438019,18.561098,0.425096,122.396347,453.316772
1932,1998.094604,12.301438,12.301438,11.05241,12.790202,82.789337,82.789337,26.58223,52.942158,0.689911,189.026352,588.471619
1933,1998.169434,8.952653,8.952653,7.829994,10.340762,36.985806,36.985806,13.948017,22.226553,0.373594,111.859184,447.733429
1934,1998.244385,16.253134,16.253134,11.612074,21.879807,281.172882,281.172882,153.398193,111.913795,2.196663,223.442078,605.002502
1935,1998.319092,15.813673,15.813673,11.65613,17.697159,380.628082,380.628082,105.74826,257.371552,2.471611,342.271912,752.541077
1936,1998.393799,12.578657,12.578657,8.840311,15.402033,128.306992,128.306992,46.225925,76.745316,0.950422,254.300598,729.091187
1937,1998.468262,16.53644,16.53644,10.577522,18.650925,138.153671,138.153671,39.681282,93.850609,1.141766,211.785858,568.645508
1938,1998.542847,17.635334,17.635334,14.345848,20.329758,323.864288,323.864288,50.75333,254.256134,2.654625,207.180862,573.811768
1939,1998.61731,12.570169,12.570169,10.903881,14.396683,257.765961,257.765961,60.509167,191.443909,2.130297,213.54718,586.977112
1940,1998.692017,14.300272,14.300272,14.310581,14.32481,754.195374,754.195374,94.117126,647.896423,5.545554,270.035645,659.4328
1941,1998.766602,11.8298,11.8298,12.33362,11.126004,252.885071,252.885071,112.830162,124.505043,1.600538,284.755493,811.861938
1942,1998.841431,13.450814,13.450814,10.32485,15.559641,339.65683,339.65683,103.760147,229.566223,2.071078,332.552002,839.932861
1943,1998.91626,19.416157,19.416157,19.912457,18.946138,743.191528,743.191528,202.083038,532.082397,4.128842,431.037323,1011.914551
1944,1998.991089,20.954885,18.721113,21.931923,17.010626,211.498459,209.339386,108.799675,98.71608,1.429044,323.363861,811.931274
1945,1999.065918,18.439299,18.439299,22.036022,14.228054,408.91629,408.91629,280.327576,122.696533,3.219813,241.754776,677.916992
1946,1999.140869,22.348961,21.08662,24.266254,18.4865,297.78476,296.430634,184.588409,107.504715,2.222274,280.755493,658.911011
1947,1999.215698,21.350159,20.164608,22.528559,16.004635,366.473877,366.028992,238.465805,120.574409,2.527406,326.031158,743.252258
1948,1999.290527,18.551563,18.551563,20.140949,16.987274,287.80722,287.80722,167.94072,116.073715,2.08556,293.73761,713.681396
1949,1999.365234,24.118019,22.579355,23.373837,21.422832,619.845581,617.706909,462.701477,151.50351,3.023637,367.437927,989.188965
1950,1999.439819,20.764067,18.78385,17.104961,20.527571,597.44342,595.404053,317.304993,260.649017,2.778807,547.359619,8351.569336
1951,1999.514282,23.568083,20.592587,21.961031,19.218102,405.694946,397.342194,201.282196,173.040192,1.895771,356.266022,1034.329224
1952,1999.588867,22.534538,17.649055,17.929993,17.301798,433.922577,402.439972,257.733673,103.549591,2.371162,402.464355,973.977417
1953,1999.663452,22.306479,20.988766,19.356054,22.132036,466.147156,459.530914,184.821594,263.371063,2.479506,509.688629,1016.989441
1954,1999.738159,20.12656,18.806318,19.548777,18.047718,466.26712,441.258789,172.290695,257.523163,2.726708,491.375275,959.434875
1955,1999.812866,23.323294,19.197771,20.827242,17.202646,1041.55603,1032.974609,488.741821,494.56543,5.818749,515.64679,790.634888
1956,1999.887573,23.693529,20.988781,21.540363,19.613396,731.045105,724.291016,506.845947,204.880524,4.038923,628.26770027367.851563,
1957,1999.962402,24.065662,21.256525,21.653576,20.033695,1437.656982,1392.705444,1146.013428,230.534836,8.608725,459.59024,841.866638
1958,2000.037354,23.159159,21.255339,20.923525,20.443298,1645.917725,1637.074585,1312.405151,311.051727,11.756556,435.790771,661.463257
1959,2000.112061,20.731159,18.27874,18.311508,18.364807,967.352173,960.928711,513.452759,436.391541,6.200975,482.655396,724.775635
1960,2000.186768,23.311312,20.843147,21.41947,19.659616,820.643188,812.853455,510.134583,294.611816,5.434723,369.161346,768.513428
1961,2000.261353,20.044559,17.997807,20.271954,16.401947,847.186401,836.244751,482.650513,348.672394,7.059886,342.580017,700.6875
1962,2000.335938,22.139351,19.097281,18.603788,19.893768,2809.42627,418.548645,214.932007,191.128006,22.297033,303.978333,674.381226
1963,2000.410278,21.180822,20.541544,19.870552,21.591951,464.510773,463.594299,286.653992,166.358444,3.271203,353.855927,797.376038
1964,2000.484619,22.993759,22.570419,22.334608,22.95891,269.343231,267.743195,165.743149,95.417465,1.910236,301.009033,741.929932
1965,2000.55896,20.619133,20.560478,20.054586,21.222027,201.939529,201.883255,91.932037,105.497803,1.364456,284.598907,821.034485
1966,2000.633301,18.944349,18.697405,20.213884,17.389791,381.591095,381.286591,72.378273,298.628174,2.284977,382.990417,7835.253418
1967,2000.707764,21.1427,20.919121,18.643763,22.752869,1863.667847,1863.289673,265.584595,1560.587524,9.808778,404.582916,824.651733
1968,2000.782227,20.354189,20.354189,18.332207,23.079037,8126.039551,8126.039551,2836.571533,5260.224121,40.630199,527.410645,886.037048
1969,2000.856812,20.830767,20.830767,20.935265,19.602909,617.745178,617.745178,285.761536,307.689117,3.55026,453.514709,1672.095459
1970,2000.931396,18.771662,18.377502,18.169437,18.574884,482.545135,482.226715,208.333344,264.663635,3.28262,336.781525,4199.636719
1971,2001.006104,18.625599,18.625599,14.884158,22.885715,564.887817,564.887817,64.253639,496.290131,3.22793,334.561707,5986.552734
1972,2001.080811,14.143457,14.143457,12.115902,15.974588,202.66893,202.66893,40.364414,159.080795,1.274647,284.045349,808.569092
1973,2001.155762,15.196129,15.196129,14.777311,15.475684,191.856964,191.856964,57.60355,127.9254,1.510685,239.501068,627.495728
1974,2001.230591,11.475813,11.475813,10.358125,12.407627,167.611954,167.611954,100.424896,56.488747,0.968855,376.459198,3294.093262
1975,2001.30542,16.360691,16.360691,15.306568,17.448755,160.189484,160.189484,57.38419,93.097969,1.334912,212.23053,549.034424
1976,2001.380127,22.366789,22.149342,21.844353,22.053135,745.667297,745.425354,302.809601,411.287384,5.917994,261.218323,703.213806
1977,2001.454712,19.064251,19.064251,16.895905,20.85137,220.087067,220.087067,63.965202,148.862213,1.760697,240.977875,690.737427
1978,2001.529175,19.452816,19.452816,20.455334,18.36105,470.2742,470.2742,88.211685,375.288788,3.702946,257.227173,677.338806
1979,2001.60376,19.647856,19.647856,20.404232,18.820692,211.071182,211.071182,136.994537,68.876854,1.648994,257.588928,623.665527
1980,2001.678345,16.702404,16.702404,13.709822,18.970598,1471.880005,1471.880005,791.362793,148.138458,9.74755,305.637573,726.466248
1981,2001.75293,14.371796,14.371796,11.197382,16.441803,442.748322,442.748322,156.621323,277.035614,2.971465,296.586517,756.346436
1982,2001.827759,15.287014,15.287014,12.291347,16.104404,4270.227051,4270.227051,3666.049561,587.656982,23.723484,415.222412,906.264771
1983,2001.902466,18.200338,18.200338,13.491012,21.112312,207.619385,207.619385,91.87056,104.695763,1.273739,287.164764,867.770569
1984,2001.977417,19.878916,19.878916,16.643335,22.397329,267.417267,267.417267,86.729286,179.014404,1.736476,260.678162,772.446594
1985,2002.052246,20.777037,20.777037,14.269938,23.641518,304.928436,304.928436,129.786026,170.828903,1.848051,318.612823,984.3172
1986,2002.127197,23.333408,19.826674,15.070905,23.559322,223.97934,221.324249,97.929947,116.254852,1.287238,413.47149710515.598633,
1987,2002.202026,19.739996,19.739996,16.642557,23.017954,464.081818,464.081818,218.748199,237.782806,2.882496,318.511658,807.617493
1988,2002.276855,18.531818,18.531818,16.340496,20.912565,259.49649,259.49649,121.265221,129.113724,1.60183,340.084747,868.925781
1989,2002.351563,17.236368,17.236368,17.270054,17.157148,149.107971,149.107971,72.628944,72.882973,1.112746,282.145447,4516.277344
1990,2002.426147,16.738346,16.738346,17.246746,16.02573,126.939575,126.939575,78.475922,45.948814,0.940293,271.182556,4206.963867
1991,2002.500732,17.605963,17.605963,16.92049,18.270445,111.088432,111.088432,57.32481,50.837742,0.881654,228.461884,698.313721
1992,2002.575195,18.669876,18.669876,15.025553,21.561617,120.48671,120.48671,49.095577,68.780273,0.995758,233.792358,692.686829
1993,2002.64978,15.025817,15.025817,13.172177,17.02231,106.051941,106.051941,40.30352,62.639668,0.876462,208.249756,584.688232
1994,2002.724487,18.812428,18.812428,13.971499,21.640953,497.618042,497.618042,118.356575,357.619385,4.045675,240.803314,568.837463
1995,2002.799194,17.344692,17.344692,12.621374,20.161579,420.134796,420.134796,255.370621,124.614159,3.135334,277.579041,662.440308
1996,2002.873901,15.914763,15.914763,12.330417,18.64604,225.507782,225.507782,97.591743,113.04287,1.721433,262.767761,614.744263
1997,2002.94873,16.664362,16.664362,14.891468,18.496143,318.070251,318.070251,194.87851,99.770462,2.465661,256.642517,624.045349
1998,2003.023682,18.553102,18.553102,16.31712,20.512724,523.442749,523.442749,298.376373,204.805939,4.057696,255.344803,549.677673
1999,2003.098511,18.757824,18.757824,17.014723,20.24769,380.711945,380.711945,167.198502,184.444092,3.021523,254.091812,572.197021
2000,2003.173462,18.858238,18.858238,12.231601,20.894192,400.338196,400.338196,200.992966,153.533508,3.254782,233.869675,559.017578
2001,2003.248291,18.747135,18.747135,11.379086,20.442259,178.225693,178.225693,76.499771,91.614532,1.460866,224.463394,541.038757
2002,2003.322998,19.145689,19.145689,12.596876,21.104139,173.22142,173.22142,58.094257,102.291718,1.419848,220.658524,563.66687
2003,2003.397705,18.903561,18.903561,14.914998,21.20771,445.59021,445.59021,126.743385,307.837585,3.375683,259.97229,623.974854
2004,2003.472168,17.137466,17.137466,16.567467,17.630646,301.205322,301.205322,97.364433,196.217407,2.371696,238.187561,581.613953
2005,2003.546753,18.135651,18.135651,18.817648,17.67767,303.330902,303.330902,164.630188,130.477005,2.315503,249.022537,598.569885
2006,2003.621338,17.14135,17.14135,18.577303,15.885978,400.253143,400.253143,200.863312,183.774811,3.176612,241.493286,561.878967
2007,2003.695923,16.964338,16.964338,17.823603,16.305763,349.475403,349.475403,82.039993,260.74585,2.688272,228.549072,577.227844
2008,2003.77063,15.793937,15.793937,16.470646,15.204324,243.621063,243.621063,121.971947,110.028404,1.948969,222.618927,491.18338
2009,2003.845337,19.02537,19.02537,19.706074,18.451237,827.62323,827.62323,323.735931,477.672699,6.674381,254.708984,558.984436
2010,2003.920166,17.270136,17.270136,18.091196,16.372034,724.185913,724.185913,320.545074,351.749939,5.887691,231.391037,558.566284
2011,2003.994995,18.294289,18.294289,18.248461,18.487886,202.504761,202.504761,86.295227,104.360298,1.633103,236.968933,567.469604
2012,2004.069824,18.783606,18.783606,19.651745,18.053951,604.10614,604.10614,474.779053,105.847023,4.911432,246.522964,544.712646
2013,2004.144531,16.32268,16.32268,15.707274,16.96109,140.294952,140.294952,69.901283,63.595345,1.169125,216.273682,590.395447
2014,2004.219238,15.554484,15.554484,15.410869,15.699503,105.095268,105.095268,60.851498,40.444294,0.890638,199.129166,585.304871
2015,2004.293823,16.113874,16.113874,16.092199,16.258204,175.96109,175.96109,113.82814,53.90427,1.466342,215.320023,571.480652
2016,2004.368286,15.192315,15.192315,15.599602,14.958376,940.731628,940.731628,500.152435,65.198578,7.83943,205.695175,530.522278
2017,2004.442627,16.009544,16.009544,13.794792,17.221212,422.398407,422.398407,118.529945,70.381081,3.406439,218.95343,617.492432
2018,2004.516968,16.292171,16.292171,16.006897,16.746147,207.027557,207.027557,76.058479,123.174438,1.447745,263.707153,702.278198
2019,2004.591309,14.847111,14.847111,13.134842,17.398153,240.728668,240.728668,31.701105,206.744446,2.075247,211.285858,7418.251953
2020,2004.665649,11.896348,11.896348,11.130746,12.503031,202.497253,202.497253,86.49881,102.839699,1.416065,278.906982,684.596619
2021,2004.740112,12.720108,12.720108,12.885262,12.485473,377.813354,377.813354,174.842041,151.27063,2.587763,298.787598,676.024292
2022,2004.814697,10.965366,10.965366,11.651804,10.400898,142.244385,142.244385,64.200905,68.814339,1.085835,249.929764,652.925049
2023,2004.889282,14.149203,14.149203,13.64197,14.652053,331.612366,331.612366,136.371475,166.450378,2.225586,319.481628,704.663025
2024,2004.963867,15.30145,15.30145,17.29192,13.379892,5092.134766,5092.134766,599.718506,206.564011,34.640373,323.216919,691.190186
2025,2005.038574,15.280588,15.280588,18.016073,12.532101,1149.591797,1149.591797,166.896866,429.08606,7.928219,299.178558,673.137146
2026,2005.113403,16.961006,16.961006,20.059736,11.135831,123.840904,123.840904,70.856789,45.666451,0.975125,224.941681,614.178467
2027,2005.188354,15.519976,15.519976,19.213017,10.163376,201.046249,201.046249,126.159981,61.194286,1.534704,259.455963,641.396423
2028,2005.263184,14.774834,14.774834,18.07337,10.48899,343.164764,343.164764,199.229675,93.031998,2.560931,270.263062,655.359802
2029,2005.337891,11.764487,11.764487,12.844931,10.337366,271.596985,271.596985,142.007217,102.475082,1.89928,292.080841,688.485229
2030,2005.412476,11.201665,11.201665,11.954284,10.565794,727.126038,727.126038,630.914185,80.126633,5.508531,249.33371,612.255615
2031,2005.487061,11.80451,11.80451,11.825678,11.810715,162.675003,162.675003,62.976067,89.399796,1.187409,274.214539,697.063232
2032,2005.561523,11.960047,11.960047,10.09295,12.873712,219.489502,219.489502,80.81987,120.343979,1.545701,289.177124,691.523682
2033,2005.636108,11.193135,11.193135,7.911705,12.760298,197.171646,197.171646,72.744728,109.827469,1.369248,287.031128,697.545837
2034,2005.710815,13.444134,13.444134,13.958576,12.802136,475.781158,475.781158,206.087128,249.664032,3.281249,281.388062,653.315857
2035,2005.785522,12.323778,12.323778,11.928795,12.887899,288.357239,288.357239,123.736633,129.307297,2.120274,253.528076,617.287476
2036,2005.860229,11.937676,11.937676,10.900631,13.07017,458.486969,458.486969,125.682213,257.140503,3.206203,284.090607,711.753967
2037,2005.935059,13.165171,13.165171,13.114663,13.325674,971.222412,971.222412,311.57959,563.411255,6.937303,263.56073,688.149719
2038,2006.009888,11.642399,11.642399,10.658396,12.836279,413.740387,413.740387,52.167282,317.007904,3.761276,150.789642,442.957062
2039,2006.084839,8.71203,8.71203,7.675674,9.864964,116.59079,116.59079,51.481888,54.327087,0.955662,194.377762,618.438965
2040,2006.159668,11.367929,11.367929,11.992599,10.137733,113.227135,113.227135,57.953995,47.447548,0.920546,212.173157,632.401306
2041,2006.234619,10.754342,10.754342,7.115953,13.058203,114.375519,114.375519,36.992092,69.708824,0.929882,207.776245,591.833984
2042,2006.309326,12.125443,12.125443,11.659966,12.433295,220.580521,220.580521,105.697861,107.018539,1.413978,296.151489,829.199158
2043,2006.384033,10.874566,10.874566,11.307382,10.536513,142.565704,142.565704,74.359924,61.552761,0.950438,268.35495,792.887939
2044,2006.458618,10.535161,10.535161,10.021644,11.112222,153.589813,153.589813,75.942986,69.564751,1.05924,268.614105,698.183044
2045,2006.533081,9.832217,9.832217,8.822367,11.124125,230.857819,230.857819,54.76849,128.918137,1.762273,234.586456,615.850464
2046,2006.607666,10.701659,10.701659,9.679902,11.920436,143.217224,143.217224,57.21505,71.693649,1.110211,235.155624,660.590515
2047,2006.682251,10.489,10.489,9.099275,11.910616,116.885666,116.885666,47.199482,60.627861,0.927664,214.496872,575.54303
2048,2006.756958,8.33464,8.33464,7.114194,9.353949,116.238213,116.238213,37.041599,70.1838,0.929906,212.882126,592.817078
2049,2006.831665,8.396087,8.396087,7.239011,9.114078,117.568512,117.568512,37.058685,73.47509,0.890671,235.604309,698.937683
2050,2006.906494,10.402102,10.402102,7.134672,13.545946,87.883675,87.883675,33.825623,47.670753,0.751143,183.267258,564.191895
2051,2006.981323,10.967064,10.967064,7.422308,12.180223,126.002739,126.002739,30.297405,86.000961,1.024413,200.721008,560.446899
2052,2007.056152,10.451326,10.451326,7.045516,12.163371,132.722504,132.722504,41.397877,79.115326,1.028857,224.734909,630.91803
2053,2007.131104,9.77027,9.77027,7.419107,11.059057,230.658539,230.658539,54.743832,95.289871,1.830623,212.05455,599.117004
2054,2007.206055,9.678192,9.678192,6.7422,11.382317,84.910126,84.910126,33.398193,45.444496,0.725728,192.637543,637.845581
2055,2007.280762,11.405842,11.405842,8.38541,12.856524,87.291817,87.291817,31.922276,49.22226,0.733545,184.377197,580.99823
2056,2007.355469,11.259468,11.259468,7.060076,14.098557,77.708382,77.708382,32.05719,41.280872,0.64757,182.892502,564.098145
2057,2007.430054,11.832168,11.832168,10.148988,12.740864,74.711632,74.711632,24.586853,45.133488,0.661165,170.651398,562.748352
2058,2007.504639,9.583685,9.583685,8.154096,10.305894,78.17701,78.17701,21.052271,53.440815,0.66818,179.735092,555.684998
2059,2007.579102,9.145396,9.145396,8.735213,9.400487,64.33757,64.33757,20.498398,41.597775,0.564365,169.767075,604.60144
2060,2007.653687,9.167399,9.167399,9.664168,8.871024,62.445374,62.445374,22.652634,37.51149,0.557548,165.676239,610.578369
2061,2007.728394,8.737835,8.737835,8.845577,8.43294,52.825745,52.825745,20.982237,29.779739,0.493699,144.470886,531.833801
2062,2007.803101,8.832383,8.832383,8.028448,8.891796,49.501534,49.501534,17.189415,30.122076,0.458348,133.643097,489.973541
2063,2007.87793,10.459094,10.459094,7.645008,10.8538,44.054836,44.054836,16.052574,26.123997,0.427717,118.591263,437.078613
2064,2007.952759,10.69684,10.69684,7.679544,11.666984,43.920525,43.920525,15.934075,26.111408,0.434857,119.676315,437.983246
2065,2008.027588,12.016068,12.016068,6.6554,12.700163,51.978577,51.978577,16.63085,32.653442,0.509594,123.311699,425.697296
2066,2008.102295,13.664755,13.664755,8.596778,15.541361,63.55418,63.55418,18.317986,42.809086,0.588465,145.49852,485.141266
2067,2008.177002,13.722303,13.722303,8.251147,15.726659,67.069061,67.069061,19.947159,44.033581,0.615313,143.598389,475.584015
2068,2008.251587,12.585554,12.585554,8.813321,14.330816,75.757393,75.757393,21.461325,50.795719,0.701457,152.518478,498.709473
2069,2008.326172,13.542725,13.542725,9.468426,15.697322,75.882141,75.882141,20.921097,51.009457,0.709179,146.356339,473.325531
2070,2008.400635,12.623115,12.623115,9.068972,14.484346,67.144348,67.144348,22.13059,42.031582,0.616003,148.262451,495.033081
2071,2008.474976,11.7354,11.7354,10.048237,12.88746,60.983978,60.983978,23.337959,34.962933,0.575321,143.868027,511.935272
2072,2008.549316,10.072157,10.072157,8.396535,11.13778,46.674667,46.674667,17.457598,27.297779,0.457595,124.089096,444.560791
2073,2008.623657,10.287779,10.287779,8.94899,11.124489,45.09687,45.09687,19.560644,23.746044,0.433624,122.70137,448.36441
2074,2008.697998,10.280159,10.280159,9.788375,10.506097,50.219479,50.219479,22.122463,26.099461,0.473769,133.746124,474.860382
2075,2008.772583,8.784456,8.784456,7.510132,9.43524,36.639324,36.639324,14.79894,20.595558,0.373871,111.34745,419.530548
2076,2008.847046,8.331026,8.331026,6.269187,9.447699,32.526993,32.526993,11.907544,19.341484,0.338823,97.624298,381.838623
2077,2008.921753,7.844837,7.844837,8.952856,7.132992,42.110706,42.110706,19.702112,20.774141,0.408842,122.418304,454.483124
2078,2008.996338,7.048467,7.048467,6.584675,7.368599,30.220499,30.220499,12.518196,16.513422,0.311552,98.165916,408.769653
2079,2009.071045,7.08212,7.08212,5.172376,7.6194,27.239452,27.239452,9.573121,16.582193,0.289781,91.316261,390.381744
2080,2009.145996,7.779414,7.779414,6.001702,8.573346,32.128075,32.128075,11.751236,18.988216,0.327837,100.396782,405.516418
2081,2009.220947,7.364415,7.364415,5.098942,8.536752,29.337233,29.337233,9.763818,18.278149,0.308813,92.949829,381.633972
2082,2009.295654,6.893572,6.893572,4.01861,7.93907,23.710043,23.710043,7.046369,15.681575,0.257718,77.16217,305.821014
2083,2009.370361,5.525854,5.525854,3.395427,6.308066,24.014225,24.014225,10.350495,12.257272,0.258217,81.961159,341.45874
2084,2009.444946,7.090549,7.090549,7.886074,5.994713,28.849546,28.849546,18.226719,9.762725,0.303679,95.410538,396.238129
2085,2009.519409,6.453027,6.453027,7.104711,5.413557,33.096474,33.096474,22.765446,9.543665,0.334308,108.121384,446.692078
2086,2009.593994,6.034717,6.034717,6.620548,4.559781,27.27879,27.27879,18.714863,7.843322,0.287145,93.903244,388.20459
2087,2009.668579,3.707656,3.707656,4.044626,3.183755,17.849909,17.849909,12.120966,4.923587,0.200561,66.758125,295.71994
2088,2009.743286,3.381297,3.381297,3.705653,2.407655,11.961316,11.961316,6.663521,4.707223,0.140721,48.429802,223.389175
2089,2009.817993,4.151577,4.151577,4.832312,1.660232,11.625447,11.625447,7.932328,3.263304,0.13518,46.651871,210.957275
2090,2009.892822,8.669016,8.669016,11.005562,4.376013,133.703186,133.703186,121.170944,10.596179,1.350537,105.514473,352.707764
2091,2009.967651,12.150626,12.150626,12.633181,11.087364,54.9879,54.9879,33.307919,20.384439,0.518754,142.333527,515.560974
2092,2010.04248,15.776945,15.776945,14.79454,12.999313,405.591797,405.591797,363.474396,37.285728,3.466597,189.092041,486.390411
2093,2010.117432,14.569946,14.569946,15.299577,8.140742,106.024872,106.024872,62.988766,38.854568,0.890965,191.021011,549.399109
2094,2010.192261,14.819244,14.819244,16.46825,8.87318,99.213242,99.213242,71.855904,23.579184,0.885832,173.997894,476.188843
2095,2010.26709,13.139888,13.139888,14.593509,9.936658,123.039017,123.039017,98.329002,21.884666,0.984312,231.509171,628.885498
2096,2010.341797,12.174863,12.174863,14.322966,7.723139,231.477829,231.477829,154.787262,65.417671,1.52288,318.954529,783.555969
2097,2010.416504,12.337725,12.337725,13.491769,8.879511,113.372902,113.372902,82.477081,25.534508,0.8927,233.214066,665.564331
2098,2010.490967,8.000404,8.000404,7.337576,8.622397,61.379887,61.379887,39.213207,18.869278,0.53842,158.469009,535.207336
2099,2010.565552,14.065017,14.065017,14.765908,13.044588,188.01149,188.01149,153.161942,31.596251,1.46884,247.262955,650.708679
2100,2010.640015,12.556593,12.556593,13.310838,11.195038,128.771652,128.771652,99.376968,26.748135,0.99823,236.887497,691.101318
2101,2010.714722,14.395285,14.395285,14.410533,14.19607,490.165558,490.165558,429.247101,49.953232,3.476351,299.088318,678.948669
2102,2010.789429,13.340659,13.340659,14.607216,11.682139,300.06955,300.06955,242.306519,48.239754,2.400556,223.018875,560.500854
2103,2010.864258,11.412979,11.412979,11.115352,11.682638,81.018036,81.018036,43.775642,34.327374,0.704505,172.944351,546.094177
2104,2010.938965,15.256924,15.256924,15.797767,14.469329,148.367004,148.367004,110.871361,34.584564,1.030326,248.491852,5144.791016
2105,2011.013916,14.183201,14.183201,14.854674,13.64613,58.136005,58.136005,29.423738,27.583155,0.519071,169.006531,657.303101
2106,2011.088745,17.84341,17.84341,19.48056,14.427117,97.347908,97.347908,61.999157,33.335674,0.811233,222.301407,721.100281
2107,2011.163696,19.661783,19.661783,21.134405,13.730359,1852.669189,1852.669189,1757.530151,72.585854,13.046967,321.081268,650.580627
2108,2011.238525,20.967438,20.152534,21.211775,18.939941,540.279297,539.569458,347.314178,136.069809,3.254694,392.576538,6052.142578
2109,2011.313354,24.707218,22.555819,21.590517,23.319393,309.19931,305.974518,135.654953,121.701378,2.3603,368.90637228263.707031,
2110,2011.387939,19.382549,18.968792,23.636236,14.200682,99.936646,99.232452,34.924465,62.71957,0.90033,197.746628,615.290649
2111,2011.462524,20.674109,20.674109,23.484854,16.894184,534.193115,534.193115,256.525848,263.088348,3.956986,293.802002,658.205139
2112,2011.536987,21.23848,21.23848,22.267151,20.347399,1118.105103,1118.105103,1040.563354,60.648201,8.600808,279.674805,724.675171
2113,2011.611572,20.143932,20.143932,21.446842,19.110966,146.076477,146.076477,103.45459,41.265167,1.207244,243.730911,719.947754
2114,2011.686157,20.872307,20.872307,20.918461,20.968807,370.6427,370.6427,321.593018,42.638695,2.521379,358.22552513402.731445,
2115,2011.760864,22.662086,21.042355,20.087774,21.293697,257.355042,254.053024,188.993149,53.466381,1.892316,428.05481024361.132813,
2116,2011.835571,22.208515,20.233007,19.865553,20.609365,849.484558,844.749207,499.332642,297.107452,4.996968,474.36331220051.296875,
2117,2011.9104,22.71109,20.196407,22.125084,18.331078,941.210205,932.023071,313.962189,601.896912,5.347785,432.311707,2668.72583
2118,2011.985229,21.684175,21.087597,19.349771,21.141485,1477.821655,1474.25293,1133.40271,303.909943,9.294476,473.20300313549.611328,
2119,2012.060059,20.886526,20.559855,18.97134,21.136112,948.431763,940.550171,256.74472,675.409424,5.298501,506.682495,9365.757813
2120,2012.134766,19.966408,19.145109,18.200661,19.79192,988.640808,985.250671,674.49353,270.822266,6.102721,457.322968,2141.470947
2121,2012.209473,18.998102,18.828184,21.969198,15.34055,1526.214844,1525.469971,816.836609,619.657776,8.873343,440.114655,830.133606
2122,2012.284058,18.386024,18.386024,19.879143,15.305891,3667.303223,3667.303223,2470.050293,171.484894,22.092188,415.598236,848.843262
2123,2012.358521,22.56304,20.40148,21.713846,19.030844,1287.718872,1281.38916,487.383545,736.11261,6.741983,532.279907,5476.492676
2124,2012.432983,22.376694,20.515692,21.54216,19.378168,8278.967773,8274.589844,7159.270508,1074.238525,44.751179,526.632568,3874.895752
2125,2012.507324,21.728437,19.578318,20.231392,18.78714,2678.472412,2674.598389,572.046936,1872.955566,15.132612,504.565094,719.217224
2126,2012.581543,22.566864,19.659405,17.95561,20.878029,717.833618,707.097351,255.722366,442.861023,3.277779,587.802551,7104.071289
2127,2012.656006,23.183367,21.429533,19.494318,23.389103,1204.023193,1193.996826,479.99823,693.529419,4.835434,592.726135,1326.950317
2128,2012.730469,21.645967,20.098307,18.094194,21.351246,692.287781,672.28009,141.824249,526.8797,3.265508,621.17358443546.296875,
2129,2012.804932,21.274582,19.549114,17.776245,19.881571,651.74707,642.212524,276.268768,353.399811,3.724269,478.255188,3160.465088
2130,2012.879517,19.203144,17.294851,17.552767,17.087042,765.897522,754.139038,242.171356,498.569397,4.613841,426.859558,3474.512695
2131,2012.954102,21.756815,19.62911,21.665545,15.707737,1405.031738,1389.791382,1160.487305,221.601624,9.064721,458.87939517753.664063,
2132,2013.028809,21.21755,19.035934,19.744036,17.751654,317.738922,309.404083,207.772888,88.590973,2.176294,474.78952024581.576172,
2133,2013.103638,23.006338,19.91679,21.053726,19.097309,728.504028,716.733887,606.910828,104.593994,5.396326,329.080811,743.681824
2134,2013.178589,19.524303,17.463163,19.150715,16.426462,440.032959,421.627075,326.713257,94.374039,4.536422,254.973419,450.693817
2135,2013.253418,21.058634,18.13969,20.30875,16.638575,417.676575,395.697296,258.9953,134.157623,3.60066,308.515778,4384.081055
2136,2013.328247,21.869108,19.367685,20.347433,18.610752,954.151855,928.025879,733.079346,184.698334,10.842635,297.215637,460.582764
2137,2013.402832,25.042711,20.792431,16.416012,22.585066,396.867371,387.602905,284.950378,97.609955,4.669028,311.11529526999.101563,
2138,2013.477417,22.224594,19.769659,17.423151,21.021532,1994.437866,1976.833252,353.615204,1579.058105,12.703426,418.078888,752.878662
2139,2013.55188,19.324636,18.249899,16.333342,19.265905,322.881042,318.212677,205.526978,105.496094,2.962211,276.523438,623.274963
2140,2013.626465,20.365097,18.931761,18.666313,18.988228,2152.028564,2145.680176,1688.003784,353.1604,11.695807,498.7901,888.150757
2141,2013.70105,18.644917,17.549631,19.244513,15.958215,795.505127,793.511475,370.430908,405.028015,3.083353,608.842957,1337.563354
2142,2013.775757,22.887594,19.719074,19.163181,20.207075,660.130371,655.178711,474.893402,162.021545,3.014294,457.696564,1114.448242
2143,2013.850464,21.261095,19.676901,20.82534,18.624292,2349.122559,2348.25293,2156.541748,165.462814,13.197318,432.578613,854.147949
2144,2013.925293,19.001415,17.690752,17.957993,17.474617,806.200256,803.729431,710.364624,75.344635,5.201292,374.574799,869.921997
2145,2014.000122,20.385012,18.690224,20.908278,17.869175,762.975159,760.704895,641.926025,79.967918,6.253895,282.056458,607.120605
2146,2014.075073,20.817444,18.390352,23.005472,15.824972,476.762604,474.591278,262.550201,136.290817,3.429947,308.364563,750.428955
2147,2014.150024,19.950377,19.398674,17.062515,20.26375,1126.432373,1125.536987,639.33905,453.273926,5.576398,511.924805,1138.197388
2148,2014.224854,19.331127,15.795692,19.05221,13.393912,885.884827,869.949829,122.972229,737.085327,4.840901,411.784027,955.149048
2149,2014.299683,20.391893,18.056959,22.285999,13.8199,912.122498,908.742859,698.071289,189.510757,5.124284,402.45575,901.645813
2150,2014.374268,16.939196,16.939196,19.348928,13.273479,662.845581,662.845581,566.970398,88.084251,3.347705,420.627594,1106.899902
2151,2014.448853,14.830681,14.830681,16.465166,13.069455,192.606033,192.606033,85.824135,97.659622,1.119802,321.379211,943.731873
2152,2014.523438,14.777545,14.777545,18.675932,10.166892,308.897491,308.897491,195.947525,93.666153,2.005828,310.266907,771.126038
2153,2014.5979,19.383123,19.383123,19.530865,17.804968,618.332642,618.332642,338.940338,259.734558,3.594957,357.625763,934.387939
2154,2014.672485,19.694921,19.694921,19.484095,20.11586,1889.46582,1889.46582,1762.631836,110.121559,12.269258,365.775116,823.841797
2155,2014.747192,22.71184,20.440599,17.993744,21.917871,211.236221,208.970673,122.98204,78.711273,1.745754,275.43158,627.421387
2156,2014.821899,23.831495,21.567114,18.768944,24.634787,1248.658325,1243.103516,563.741394,641.127869,8.552454,431.006866,626.177124
2157,2014.896729,18.081175,18.081175,12.115853,20.69936,199.888321,199.888321,79.059357,113.533508,1.438046,295.318085,720.725159
2158,2014.971558,18.37546,18.37546,13.996821,21.155954,407.363007,407.363007,263.722809,125.472092,2.771177,327.432251,751.002808
2159,2015.046387,16.93395,16.93395,12.770702,20.545824,830.902527,830.902527,546.16571,258.99939,5.691113,310.137299,726.763428
2160,2015.121338,15.985243,15.985243,14.278769,17.251358,1060.847046,1060.847046,111.178032,918.256287,7.167885,335.379944,768.560791
2161,2015.196289,14.01297,14.01297,13.054996,14.783358,1008.149536,1008.149536,171.200806,805.718933,6.589212,331.342834,664.730896
2162,2015.271118,12.928018,12.928018,12.339767,13.451719,379.433624,379.433624,218.130264,147.367889,2.401479,319.70575,729.733276
2163,2015.345825,13.087429,13.087429,13.627059,12.71243,246.198273,246.198273,99.17897,123.307388,1.68629,307.117279,688.179565
2164,2015.42041,17.380543,17.380543,20.543329,14.545081,2253.174561,2253.174561,2080.384766,130.734299,14.726631,342.788788,721.539917
2165,2015.494995,16.058949,16.058949,19.636845,11.992847,1361.837524,1361.837524,1233.493896,95.294785,10.316951,277.700012,627.61676
2166,2015.569458,14.39103,14.39103,18.185795,9.658217,305.334686,305.334686,179.217545,109.783348,2.245108,267.646759,585.248047
2167,2015.644043,14.262264,14.262264,18.793472,9.737495,601.871338,601.871338,413.239288,93.551094,5.015594,208.534302,434.705597
2168,2015.718628,14.493025,14.493025,19.43148,9.306948,677.145874,677.145874,544.707336,86.283493,5.550376,217.141418,470.420715
2169,2015.793335,17.306993,17.306993,19.814699,12.5288,890.152832,890.152832,678.89624,184.63681,6.642931,257.512421,597.398254
2170,2015.868164,16.819719,16.819719,19.520233,13.786734,841.242554,841.242554,362.678528,439.558197,6.008875,272.621002,638.392456
2171,2015.942993,18.058346,18.058346,21.205145,14.002243,3870.97168,3870.97168,3698.063721,133.560684,30.967773,222.590515,511.454712
2172,2016.017822,17.479214,17.479214,19.596457,14.350846,1126.743408,1126.743408,908.069092,195.89827,8.471755,257.363037,663.379395
2173,2016.091309,16.834934,16.834934,17.724133,15.503878,454.107941,454.107941,294.056915,145.275238,3.414346,256.60788,631.48053
2174,2016.166138,14.748417,14.748417,15.691904,13.18771,688.275757,688.275757,389.460632,250.577682,4.951624,288.856415,653.591187
2175,2016.240967,16.009203,16.009203,17.295864,14.045111,1370.985107,1370.985107,139.152206,1164.826416,10.080772,263.490723,677.615112
2176,2016.315674,14.299997,14.299997,15.67864,11.823574,160.99913,160.99913,95.578224,51.815693,1.257806,227.899551,611.138123
2177,2016.390259,13.836471,13.836471,15.164746,11.535458,139.979553,139.979553,75.040512,56.562202,1.068546,242.260651,644.74231
2178,2016.464844,11.881418,11.881418,13.026799,10.095218,134.498718,134.498718,64.49633,58.267632,1.11156,203.720581,555.695923
2179,2016.539307,10.615865,10.615865,11.013265,9.984896,213.172943,213.172943,74.482979,88.016739,1.920477,168.597076,451.599609
2180,2016.61377,11.632367,11.632367,12.318236,10.819175,111.048904,111.048904,46.066971,54.182877,0.965643,169.961639,457.088562
2181,2016.688354,11.86525,11.86525,12.554286,11.152151,74.775757,74.775757,34.285477,36.309917,0.673655,158.072296,511.533386
2182,2016.762939,11.95187,11.95187,12.728395,11.261368,126.479507,126.479507,64.988579,50.536575,1.119288,176.952454,471.926941
2183,2016.837646,12.749323,12.749323,13.050653,12.530778,159.813187,159.813187,92.382492,53.126667,1.439758,177.113373,457.154236
2184,2016.912354,12.488094,12.488094,12.579412,11.779803,428.346619,428.346619,75.059784,330.77124,3.569555,201.997864,534.748108
2185,2016.987183,11.226393,11.226393,12.007565,10.874922,72.53315,72.53315,39.957161,29.480791,0.647617,164.541992,539.743347
2186,2017.062012,11.678046,11.678046,12.250618,11.456532,73.350121,73.350121,39.606007,30.53323,0.660812,165.706863,522.155518
2187,2017.136841,9.381207,9.381207,11.788541,7.699816,77.899651,77.899651,40.878914,32.9678,0.695533,165.421906,515.716797
2188,2017.21167,8.56158,8.56158,9.689905,8.055922,67.633942,67.633942,30.292162,33.367527,0.603875,147.431931,460.917114
2189,2017.286499,9.430581,9.430581,10.28949,7.645357,69.99424,69.99424,31.86784,34.467365,0.630579,160.580338,509.962769
2190,2017.361084,10.942949,10.942949,13.619446,7.578424,76.003815,76.003815,40.959881,30.461428,0.678605,165.184631,528.87561
2191,2017.435669,10.757766,10.757766,13.344107,7.099113,77.566917,77.566917,40.702271,32.132069,0.692562,168.862473,543.037903
2192,2017.510132,11.186209,11.186209,13.508654,6.656962,90.363647,90.363647,51.037907,33.522701,0.759358,187.415192,570.501221
2193,2017.584595,9.370269,9.370269,11.310474,5.960731,83.349617,83.349617,48.109226,30.316422,0.68884,191.884247,626.4505
2194,2017.65918,6.629186,6.629186,8.349639,4.025937,55.605465,55.605465,32.812996,19.455252,0.510142,146.583069,535.648926
2195,2017.733765,11.467475,11.467475,13.234109,6.543337,80.278702,80.278702,48.43996,26.138626,0.647409,190.733627,597.507507
2196,2017.808472,11.339262,11.339262,13.533096,5.596108,70.062866,70.062866,35.78442,30.266722,0.636935,166.586548,568.628845
2197,2017.883179,10.815055,10.815055,13.267258,5.575764,66.322906,66.322906,34.692451,27.108013,0.592169,155.818115,526.289001
2198,2017.957886,10.994791,10.994791,12.415931,5.524255,51.887009,51.887009,31.640366,17.898016,0.503757,131.793167,463.92453
2199,2018.032715,10.87613,10.87613,12.772773,4.463092,44.214401,44.214401,28.678196,13.874053,0.417117,123.663994,456.279449
2200,2018.107544,10.787686,10.787686,13.087462,4.615141,44.401707,44.401707,28.962681,13.7746,0.422873,120.654182,458.194397
2201,2018.182495,11.127258,11.127258,11.739002,4.609276,38.412281,38.412281,25.406868,11.599737,0.384123,111.332359,429.950317
2202,2018.257202,6.48442,6.48442,7.062985,3.531581,22.575647,22.575647,15.210804,6.798532,0.245387,77.177139,325.35495
2203,2018.331909,6.340904,6.340904,6.620687,3.834311,29.496717,29.496717,18.080706,10.134825,0.307257,97.626663,416.985748
2204,2018.406494,6.268983,6.268983,7.073562,2.593892,22.179115,22.179115,15.077325,5.705255,0.241077,76.026398,316.984863
2205,2018.480957,4.496279,4.496279,4.290793,4.172687,20.666382,20.666382,11.500068,8.425172,0.229626,67.93721,264.910706
2206,2018.55542,7.7657,7.7657,7.644487,7.813182,44.034302,44.034302,23.308342,18.527334,0.427518,120.259895,446.291534
2207,2018.630005,6.356173,6.356173,6.435635,6.199611,44.298832,44.298832,26.264856,15.597191,0.42595,119.182678,433.227325
2208,2018.70459,5.886355,5.886355,5.457003,7.106296,43.529739,43.529739,22.337454,18.406244,0.430988,111.188148,384.85083
2209,2018.779175,7.289144,7.289144,6.126054,8.720613,42.858902,42.858902,16.991924,23.317806,0.437336,110.191154,366.789642
2210,2018.853882,7.155839,7.155839,6.205901,8.549912,43.2113,43.2113,17.831347,22.873009,0.436478,111.82193,379.793365
2211,2018.928711,5.963278,5.963278,4.587997,7.498015,30.623013,30.623013,11.628555,17.189491,0.322347,89.416786,353.629639
2212,2019.003418,6.503234,6.503234,6.218965,6.946238,29.15329,29.15329,13.343686,14.389935,0.30368,90.038033,346.741974
2213,2019.078247,6.183265,6.183265,4.196583,7.721114,26.731846,26.731846,8.737273,16.495895,0.29702,82.298813,342.253998
2214,2019.153198,4.851565,4.851565,3.607539,5.844935,18.819189,18.819189,6.367555,11.337748,0.211452,62.13364,251.201218
2215,2019.228027,5.946372,5.946372,3.572779,7.575278,28.043835,28.043835,10.412915,16.187735,0.298339,86.193802,349.573334
2216,2019.302734,6.036707,6.036707,3.157199,8.776616,36.600792,36.600792,10.600018,23.953074,0.362384,92.840706,357.436707
2217,2019.377319,7.013547,7.013547,5.325777,8.685967,48.377033,48.377033,20.315737,24.15251,0.493643,102.529625,341.483307
2218,2019.451904,5.305933,5.305933,3.935882,7.16364,38.474644,38.474644,18.255602,17.728373,0.384746,98.769196,340.195984
2219,2019.526367,5.062724,5.062724,3.514942,6.811475,35.512505,35.512505,16.264748,16.748201,0.366108,90.525391,317.765411
2220,2019.60083,4.536792,4.536792,2.940593,6.802783,30.224831,30.224831,12.252546,16.041857,0.328531,83.8209,310.94693
2221,2019.675293,4.954277,4.954277,2.465176,7.023524,28.303556,28.303556,10.242342,16.185471,0.304339,79.940598,333.49295
2222,2019.75,4.487505,4.487505,2.429668,6.541852,25.260464,25.260464,9.379874,14.28622,0.280672,75.434509,287.01178
2223,2019.824707,4.89323,4.89323,3.149374,6.045982,24.218082,24.218082,10.094106,12.721214,0.26324,77.176018,310.391357
2224,2019.899414,4.246342,4.246342,2.972069,5.686204,23.059832,23.059832,10.808977,11.102115,0.25065,78.137978,317.19046
2225,2019.974243,5.353776,5.353776,2.556644,6.580178,18.432549,18.432549,5.469541,12.045212,0.209461,62.918602,261.239166
2226,2020.049072,3.428774,3.428774,1.345982,4.856647,11.556097,11.556097,3.347311,7.899395,0.135954,44.069489,198.527145
2227,2020.123901,3.657709,3.657709,1.487858,4.180192,10.833638,10.833638,3.53015,6.750221,0.13542,43.787552,199.189941
2228,2020.19873,2.546789,2.546789,1.875529,2.864276,10.992606,10.992606,3.359658,6.716317,0.134056,44.824566,207.625046
2229,2020.273438,2.706351,2.706351,2.781301,2.650202,11.26269,11.26269,4.16082,6.308625,0.13735,45.765594,209.242737
2230,2020.348145,1.841347,1.841347,1.996163,1.739385,7.089793,7.089793,2.758448,4.001141,0.089744,31.224827,148.888626
2231,2020.422729,5.226094,5.226094,3.37428,6.136282,18.167728,18.167728,5.687537,11.931684,0.201864,66.397903,293.046021
2232,2020.497192,3.271472,3.271472,3.701444,1.712977,12.851512,12.851512,5.725424,6.348488,0.149436,49.78693,223.330856
2233,2020.571655,4.620906,4.620906,3.726732,5.702161,22.74243,22.74243,10.740277,10.475786,0.244542,76.028114,329.7966
2234,2020.646118,4.270471,4.270471,4.400505,4.104361,17.267029,17.267029,8.97963,7.374865,0.191856,63.251457,270.244263
2235,2020.720825,4.37659,4.37659,4.237453,4.6535,20.423969,20.423969,11.111404,8.277531,0.224439,73.505432,318.44165
2236,2020.79541,5.582335,5.582335,3.430513,6.39636,21.2841,21.2841,8.519944,11.829515,0.239147,73.770889,313.022186
2237,2020.870117,7.495562,7.495562,7.652141,4.417449,30.681854,30.681854,18.336555,11.162606,0.31308,95.510612,378.730072
2238,2020.944946,12.278638,12.278638,10.069283,13.940469,154.885483,154.885483,41.578285,104.390785,1.259232,212.106247,552.432617
2239,2021.019775,7.05414,7.05414,6.726819,7.40402,85.896988,85.896988,31.579174,47.576866,0.727941,182.49826,571.91626
2240,2021.094604,7.840087,7.840087,4.387111,8.940073,73.069359,73.069359,18.803493,49.326828,0.640959,170.891327,582.964233
2241,2021.169434,7.907391,7.907391,4.492454,9.239266,40.772854,40.772854,13.145907,25.356808,0.399734,119.856232,457.571014
2242,2021.244263,9.388997,9.388997,5.212276,11.026987,38.958321,38.958321,13.800763,23.359045,0.381944,117.476845,451.21875
2243,2021.31897,8.22983,8.22983,4.68739,9.591634,26.167362,26.167362,8.079357,17.443197,0.272577,90.120247,389.269257
2244,2021.393555,6.81547,6.81547,6.067894,6.966674,30.794901,30.794901,13.246941,16.289314,0.32078,100.340424,405.591614
2245,2021.468018,10.691276,10.691276,7.647206,11.946378,77.057228,77.057228,18.284605,54.817707,0.681922,166.855423,556.991211
2246,2021.54248,6.885457,6.885457,6.487925,7.400115,40.909775,40.909775,23.924591,15.591998,0.397182,123.847824,486.353149
2247,2021.617065,6.308741,6.308741,5.488441,7.608731,40.183819,40.183819,20.567204,17.51825,0.39786,121.722534,469.008057
2248,2021.691528,11.149814,11.149814,7.16694,13.992827,65.837128,65.837128,22.705357,40.829739,0.582629,165.169312,582.977966
2249,2021.766235,8.118653,8.118653,5.10362,10.033735,44.692944,44.692944,13.999825,28.563839,0.442504,114.052437,390.106171
2250,2021.840942,9.635313,9.635313,6.858311,11.809486,43.781136,43.781136,13.721526,28.688747,0.429227,120.909088,422.402161
2251,2021.915649,13.361438,13.361438,8.655176,14.209302,58.372536,58.372536,15.016284,41.86116,0.545538,141.450653,470.234375
2252,2021.990479,13.691081,13.691081,7.670979,16.744822,80.063675,80.063675,23.579269,53.001492,0.702313,165.665024,515.217712
2253,2022.065308,15.485814,15.485814,9.49004,18.650522,125.913376,125.913376,55.074543,63.530251,1.058096,205.978043,629.253845
2254,2022.140137,14.926923,14.926923,12.995314,16.980722,155.163116,155.163116,94.359726,54.515907,1.241305,232.326202,672.251038
2255,2022.214966,15.028467,15.028467,15.105745,15.001289,2146.650391,2146.650391,2092.035156,48.305435,16.512695,251.808563,614.574463
2256,2022.289795,21.638395,21.638395,23.271786,19.349337,639.182678,639.182678,226.898621,111.020012,4.734686,285.604919,668.820984
2257,2022.36438,24.292513,20.662584,20.415293,20.289648,403.117218,398.42868,137.584351,255.708023,3.053918,292.078796,660.713379